count,lat_bin,lon_bin,lat_center,lon_center
40374,4188,-8763,41.88,-87.63
36085,4189,-8763,41.89,-87.63
21058,4190,-8763,41.9,-87.63
19844,4189,-8762,41.89,-87.62
17253,4188,-8775,41.88,-87.75
16594,4188,-8773,41.88,-87.73
16038,4187,-8763,41.87,-87.63
15560,4187,-8772,41.87,-87.72
15287,4175,-8760,41.75,-87.60000000000001
15155,4190,-8772,41.9,-87.72
14318,4188,-8776,41.88,-87.76
13450,4175,-8761,41.75,-87.61
13402,4176,-8756,41.76,-87.56
13320,4186,-8771,41.86,-87.71000000000001
13275,4186,-8772,41.86,-87.72
13015,4194,-8765,41.94,-87.65
12694,4177,-8758,41.77,-87.58
12572,4188,-8774,41.88,-87.74
12134,4187,-8771,41.87,-87.71000000000001
11800,4175,-8756,41.75,-87.56
11779,4187,-8770,41.87,-87.7
11549,4178,-8762,41.78,-87.62
11487,4190,-8762,41.9,-87.62
11255,4195,-8765,41.95,-87.65
11227,4177,-8757,41.77,-87.57000000000001
11178,4188,-8772,41.88,-87.72
10986,4179,-8762,41.79,-87.62
10908,4189,-8771,41.89,-87.71000000000001
10871,4175,-8766,41.75,-87.66
10325,4189,-8775,41.89,-87.75
10189,4178,-8761,41.78,-87.61
10176,4190,-8773,41.9,-87.73
10121,4197,-8766,41.97,-87.66
9745,4188,-8771,41.88,-87.71000000000001
9656,4185,-8771,41.85,-87.71000000000001
9574,4189,-8776,41.89,-87.76
9515,4202,-8767,42.02,-87.67
9406,4188,-8762,41.88,-87.62
9379,4188,-8768,41.88,-87.68
9369,4191,-8768,41.910000000000004,-87.68
9292,4177,-8762,41.77,-87.62
9269,4187,-8773,41.87,-87.73
9160,4188,-8764,41.88,-87.64
9108,4175,-8765,41.75,-87.65
9062,4177,-8766,41.77,-87.66
9030,4181,-8762,41.81,-87.62
8955,4180,-8759,41.800000000000004,-87.59
8942,4190,-8764,41.9,-87.64
8749,4188,-8770,41.88,-87.7
8659,4178,-8770,41.78,-87.7
8639,4182,-8762,41.82,-87.62
8615,4178,-8765,41.78,-87.65
8615,4176,-8765,41.76,-87.65
8597,4178,-8769,41.78,-87.69
8571,4176,-8763,41.76,-87.63
8538,4191,-8765,41.910000000000004,-87.65
8531,4189,-8772,41.89,-87.72
8459,4189,-8777,41.89,-87.77
8454,4188,-8777,41.88,-87.77
8454,4188,-8765,41.88,-87.65
8453,4199,-8766,41.99,-87.66
8401,4178,-8766,41.78,-87.66
8387,4176,-8759,41.76,-87.59
8373,4198,-8766,41.980000000000004,-87.66
8356,4191,-8773,41.910000000000004,-87.73
8337,4190,-8767,41.9,-87.67
8248,4196,-8765,41.96,-87.65
8223,4179,-8765,41.79,-87.65
8216,4176,-8764,41.76,-87.64
8191,4189,-8765,41.89,-87.65
8147,4190,-8775,41.9,-87.75
8124,4177,-8761,41.77,-87.61
8112,4169,-8762,41.69,-87.62
8096,4180,-8762,41.800000000000004,-87.62
8014,4187,-8764,41.87,-87.64
7939,4177,-8759,41.77,-87.59
7919,4190,-8771,41.9,-87.71000000000001
7887,4183,-8762,41.83,-87.62
7837,4176,-8758,41.76,-87.58
7834,4174,-8765,41.74,-87.65
7818,4185,-8772,41.85,-87.72
7745,4179,-8766,41.79,-87.66
7713,4175,-8755,41.75,-87.55
7707,4175,-8767,41.75,-87.67
7670,4177,-8765,41.77,-87.65
7649,4177,-8764,41.77,-87.64
7641,4177,-8767,41.77,-87.67
7641,4176,-8761,41.76,-87.61
7626,4190,-8776,41.9,-87.76
7619,4193,-8764,41.93,-87.64
7567,4189,-8764,41.89,-87.64
7489,4181,-8767,41.81,-87.67
7465,4173,-8755,41.730000000000004,-87.55
7439,4193,-8765,41.93,-87.65
7371,4186,-8773,41.86,-87.73
7367,4174,-8763,41.74,-87.63
7345,4177,-8769,41.77,-87.69
7300,4175,-8764,41.75,-87.64
7276,4191,-8764,41.910000000000004,-87.64
7239,4191,-8767,41.910000000000004,-87.67
7172,4181,-8761,41.81,-87.61
7152,4191,-8775,41.910000000000004,-87.75
7138,4175,-8758,41.75,-87.58
7130,4201,-8767,42.01,-87.67
7116,4176,-8766,41.76,-87.66
7073,4178,-8764,41.78,-87.64
7061,4190,-8777,41.9,-87.77
7046,4185,-8770,41.85,-87.7
7035,4181,-8760,41.81,-87.60000000000001
7032,4191,-8776,41.910000000000004,-87.76
6959,4191,-8769,41.910000000000004,-87.69
6946,4188,-8769,41.88,-87.69
6917,4175,-8757,41.75,-87.57000000000001
6878,4174,-8760,41.74,-87.60000000000001
6875,4186,-8766,41.86,-87.66
6874,4187,-8774,41.87,-87.74
6842,4195,-8766,41.95,-87.66
6803,4178,-8767,41.78,-87.67
6773,4177,-8763,41.77,-87.63
6702,4183,-8761,41.83,-87.61
6680,4176,-8762,41.76,-87.62
6585,4190,-8769,41.9,-87.69
6557,4179,-8767,41.79,-87.67
6541,4174,-8766,41.74,-87.66
6485,4174,-8755,41.74,-87.55
6331,4194,-8764,41.94,-87.64
6326,4174,-8756,41.74,-87.56
6306,4176,-8757,41.76,-87.57000000000001
6274,4175,-8763,41.75,-87.63
6235,4191,-8763,41.910000000000004,-87.63
6212,4185,-8773,41.85,-87.73
6203,4178,-8760,41.78,-87.60000000000001
6196,4170,-8762,41.7,-87.62
6138,4187,-8766,41.87,-87.66
6111,4197,-8765,41.97,-87.65
6107,4193,-8771,41.93,-87.71000000000001
6068,4192,-8769,41.92,-87.69
6050,4188,-8766,41.88,-87.66
6027,4191,-8771,41.910000000000004,-87.71000000000001
6016,4187,-8769,41.87,-87.69
5965,4177,-8768,41.77,-87.68
5955,4173,-8766,41.730000000000004,-87.66
5898,4168,-8763,41.68,-87.63
5880,4180,-8767,41.800000000000004,-87.67
5879,4202,-8768,42.02,-87.68
5850,4185,-8763,41.85,-87.63
5834,4168,-8762,41.68,-87.62
5743,4178,-8768,41.78,-87.68
5725,4185,-8769,41.85,-87.69
5667,4192,-8770,41.92,-87.7
5642,4171,-8762,41.71,-87.62
5626,4189,-8766,41.89,-87.66
5615,4200,-8766,42.0,-87.66
5605,4190,-8768,41.9,-87.68
5593,4191,-8777,41.910000000000004,-87.77
5495,4188,-8767,41.88,-87.67
5464,4192,-8764,41.92,-87.64
5453,4192,-8775,41.92,-87.75
5436,4197,-8771,41.97,-87.71000000000001
5380,4192,-8773,41.92,-87.73
5370,4195,-8771,41.95,-87.71000000000001
5353,4173,-8760,41.730000000000004,-87.60000000000001
5336,4179,-8770,41.79,-87.7
5318,4178,-8759,41.78,-87.59
5317,4196,-8771,41.96,-87.71000000000001
5287,4182,-8761,41.82,-87.61
5280,4168,-8764,41.68,-87.64
5258,4190,-8770,41.9,-87.7
5254,4180,-8766,41.800000000000004,-87.66
5242,4175,-8762,41.75,-87.62
5228,4184,-8773,41.84,-87.73
5205,4172,-8763,41.72,-87.63
5201,4184,-8762,41.84,-87.62
5182,4185,-8762,41.85,-87.62
5160,4172,-8762,41.72,-87.62
5132,4179,-8763,41.79,-87.63
5115,4200,-8767,42.0,-87.67
5074,4192,-8772,41.92,-87.72
5062,4170,-8763,41.7,-87.63
5037,4184,-8772,41.84,-87.72
5020,4192,-8771,41.92,-87.71000000000001
5007,4191,-8772,41.910000000000004,-87.72
4988,4197,-8772,41.97,-87.72
4977,4180,-8760,41.800000000000004,-87.60000000000001
4958,4184,-8763,41.84,-87.63
4957,4174,-8761,41.74,-87.61
4957,4179,-8769,41.79,-87.69
4947,4176,-8767,41.76,-87.67
4886,4192,-8765,41.92,-87.65
4877,4192,-8777,41.92,-87.77
4772,4169,-8763,41.69,-87.63
4767,4185,-8768,41.85,-87.68
4766,4171,-8763,41.71,-87.63
4724,4184,-8771,41.84,-87.71000000000001
4719,4196,-8766,41.96,-87.66
4684,4194,-8773,41.94,-87.73
4671,4200,-8769,42.0,-87.69
4661,4186,-8765,41.86,-87.65
4646,4194,-8772,41.94,-87.72
4609,4180,-8765,41.800000000000004,-87.65
4599,4172,-8766,41.72,-87.66
4596,4169,-8761,41.69,-87.61
4545,4193,-8776,41.93,-87.76
4501,4194,-8775,41.94,-87.75
4496,4184,-8765,41.84,-87.65
4424,4186,-8763,41.86,-87.63
4415,4191,-8774,41.910000000000004,-87.74
4332,4198,-8769,41.980000000000004,-87.69
4331,4201,-8766,42.01,-87.66
4318,4171,-8764,41.71,-87.64
4302,4187,-8762,41.87,-87.62
4298,4181,-8766,41.81,-87.66
4289,4182,-8769,41.82,-87.69
4282,4199,-8770,41.99,-87.7
4257,4190,-8766,41.9,-87.66
4220,4186,-8762,41.86,-87.62
4217,4172,-8764,41.72,-87.64
4210,4193,-8772,41.93,-87.72
4210,4194,-8766,41.94,-87.66
4208,4189,-8767,41.89,-87.67
4207,4175,-8759,41.75,-87.59
4203,4193,-8774,41.93,-87.74
4202,4193,-8770,41.93,-87.7
4182,4182,-8763,41.82,-87.63
4145,4176,-8768,41.76,-87.68
4143,4198,-8791,41.980000000000004,-87.91
4132,4182,-8770,41.82,-87.7
4113,4194,-8767,41.94,-87.67
4105,4201,-8768,42.01,-87.68
4091,4174,-8764,41.74,-87.64
4084,4197,-8769,41.97,-87.69
4074,4200,-8770,42.0,-87.7
4047,4181,-8769,41.81,-87.69
4044,4195,-8775,41.95,-87.75
4036,4193,-8775,41.93,-87.75
4016,4187,-8775,41.87,-87.75
3996,4170,-8761,41.7,-87.61
3982,4196,-8772,41.96,-87.72
3960,4187,-8768,41.87,-87.68
3947,4166,-8760,41.660000000000004,-87.60000000000001
3938,4174,-8762,41.74,-87.62
3912,4181,-8770,41.81,-87.7
3859,4178,-8763,41.78,-87.63
3858,4193,-8767,41.93,-87.67
3851,4169,-8764,41.69,-87.64
3829,4179,-8774,41.79,-87.74
3817,4194,-8776,41.94,-87.76
3799,4186,-8770,41.86,-87.7
3790,4187,-8776,41.87,-87.76
3753,4193,-8768,41.93,-87.68
3744,4191,-8770,41.910000000000004,-87.7
3728,4173,-8759,41.730000000000004,-87.59
3715,4182,-8760,41.82,-87.60000000000001
3699,4178,-8771,41.78,-87.71000000000001
3691,4168,-8766,41.68,-87.66
3687,4197,-8773,41.97,-87.73
3687,4194,-8777,41.94,-87.77
3675,4175,-8774,41.75,-87.74
3658,4173,-8761,41.730000000000004,-87.61
3611,4180,-8761,41.800000000000004,-87.61
3602,4199,-8767,41.99,-87.67
3601,4192,-8774,41.92,-87.74
3593,4180,-8770,41.800000000000004,-87.7
3589,4198,-8767,41.980000000000004,-87.67
3579,4173,-8764,41.730000000000004,-87.64
3575,4176,-8760,41.76,-87.60000000000001
3569,4192,-8776,41.92,-87.76
3549,4174,-8758,41.74,-87.58
3549,4186,-8767,41.86,-87.67
3540,4192,-8768,41.92,-87.68
3535,4196,-8773,41.96,-87.73
3510,4174,-8759,41.74,-87.59
3503,4183,-8767,41.83,-87.67
3503,4176,-8769,41.76,-87.69
3448,4174,-8767,41.74,-87.67
3446,4180,-8772,41.800000000000004,-87.72
3444,4193,-8766,41.93,-87.66
3433,4173,-8756,41.730000000000004,-87.56
3404,4197,-8767,41.97,-87.67
3397,4167,-8764,41.67,-87.64
3352,4193,-8777,41.93,-87.77
3322,4183,-8763,41.83,-87.63
3315,4199,-8769,41.99,-87.69
3304,4200,-8768,42.0,-87.68
3277,4167,-8762,41.67,-87.62
3251,4193,-8779,41.93,-87.79
3240,4194,-8771,41.94,-87.71000000000001
3237,4187,-8767,41.87,-87.67
3228,4193,-8769,41.93,-87.69
3210,4201,-8769,42.01,-87.69
3190,4171,-8765,41.71,-87.65
3177,4177,-8760,41.77,-87.60000000000001
3153,4179,-8771,41.79,-87.71000000000001
3143,4171,-8761,41.71,-87.61
3123,4195,-8773,41.95,-87.73
3118,4169,-8766,41.69,-87.66
3114,4192,-8767,41.92,-87.67
3110,4180,-8768,41.800000000000004,-87.68
3096,4180,-8769,41.800000000000004,-87.69
3088,4179,-8772,41.79,-87.72
3049,4195,-8767,41.95,-87.67
3036,4178,-8772,41.78,-87.72
3035,4195,-8777,41.95,-87.77
3011,4198,-8790,41.980000000000004,-87.9
3008,4189,-8768,41.89,-87.68
3000,4172,-8757,41.72,-87.57000000000001
2995,4173,-8765,41.730000000000004,-87.65
2984,4169,-8765,41.69,-87.65
2977,4192,-8778,41.92,-87.78
2976,4173,-8757,41.730000000000004,-87.57000000000001
2975,4180,-8763,41.800000000000004,-87.63
2952,4186,-8764,41.86,-87.64
2944,4166,-8761,41.660000000000004,-87.61
2937,4170,-8764,41.7,-87.64
2918,4167,-8763,41.67,-87.63
2890,4198,-8771,41.980000000000004,-87.71000000000001
2885,4172,-8765,41.72,-87.65
2884,4196,-8768,41.96,-87.68
2874,4177,-8770,41.77,-87.7
2842,4174,-8757,41.74,-87.57000000000001
2831,4197,-8768,41.97,-87.68
2758,4181,-8768,41.81,-87.68
2735,4183,-8768,41.83,-87.68
2731,4185,-8767,41.85,-87.67
2731,4196,-8767,41.96,-87.67
2714,4184,-8764,41.84,-87.64
2706,4197,-8770,41.97,-87.7
2699,4197,-8776,41.97,-87.76
2690,4194,-8774,41.94,-87.74
2681,4198,-8770,41.980000000000004,-87.7
2679,4195,-8774,41.95,-87.74
2670,4186,-8769,41.86,-87.69
2661,4189,-8770,41.89,-87.7
2656,4189,-8773,41.89,-87.73
2648,4178,-8773,41.78,-87.73
2646,4181,-8759,41.81,-87.59
2630,4199,-8771,41.99,-87.71000000000001
2620,4180,-8774,41.800000000000004,-87.74
2618,4195,-8772,41.95,-87.72
2612,4181,-8772,41.81,-87.72
2605,4172,-8758,41.72,-87.58
2605,4168,-8765,41.68,-87.65
2602,4179,-8768,41.79,-87.68
2598,4196,-8775,41.96,-87.75
2597,4169,-8767,41.69,-87.67
2581,4181,-8763,41.81,-87.63
2581,4173,-8763,41.730000000000004,-87.63
2576,4193,-8778,41.93,-87.78
2569,4195,-8770,41.95,-87.7
2562,4179,-8764,41.79,-87.64
2541,4193,-8773,41.93,-87.73
2539,4179,-8773,41.79,-87.73
2520,4175,-8771,41.75,-87.71000000000001
2517,4183,-8765,41.83,-87.65
2516,4177,-8772,41.77,-87.72
2506,4192,-8779,41.92,-87.79
2505,4184,-8770,41.84,-87.7
2502,4170,-8756,41.7,-87.56
2492,4195,-8776,41.95,-87.76
2481,4197,-8777,41.97,-87.77
2452,4187,-8777,41.87,-87.77
2447,4175,-8768,41.75,-87.68
2429,4194,-8768,41.94,-87.68
2427,4170,-8754,41.7,-87.54
2398,4173,-8762,41.730000000000004,-87.62
2367,4175,-8770,41.75,-87.7
2364,4190,-8765,41.9,-87.65
2364,4170,-8760,41.7,-87.60000000000001
2341,4196,-8776,41.96,-87.76
2327,4173,-8758,41.730000000000004,-87.58
2319,4194,-8779,41.94,-87.79
2317,4199,-8768,41.99,-87.68
2293,4194,-8778,41.94,-87.78
2286,4180,-8773,41.800000000000004,-87.73
2274,4185,-8764,41.85,-87.64
2272,4166,-8764,41.660000000000004,-87.64
2271,4191,-8766,41.910000000000004,-87.66
2271,4195,-8778,41.95,-87.78
2264,4198,-8784,41.980000000000004,-87.84
2263,4197,-8774,41.97,-87.74
2241,4182,-8767,41.82,-87.67
2215,4192,-8766,41.92,-87.66
2212,4178,-8777,41.78,-87.77
2206,4196,-8769,41.96,-87.69
2191,4181,-8771,41.81,-87.71000000000001
2186,4196,-8777,41.96,-87.77
2162,4180,-8758,41.800000000000004,-87.58
2145,4191,-8778,41.910000000000004,-87.78
2145,4179,-8761,41.79,-87.61
2144,4195,-8768,41.95,-87.68
2131,4193,-8780,41.93,-87.8
2127,4175,-8772,41.75,-87.72
2116,4183,-8764,41.83,-87.64
2103,4184,-8766,41.84,-87.66
2098,4172,-8760,41.72,-87.60000000000001
2091,4181,-8764,41.81,-87.64
2078,4189,-8774,41.89,-87.74
2075,4195,-8769,41.95,-87.69
2058,4174,-8772,41.74,-87.72
2029,4194,-8770,41.94,-87.7
2028,4196,-8770,41.96,-87.7
2026,4198,-8777,41.980000000000004,-87.77
1989,4202,-8769,42.02,-87.69
1983,4181,-8773,41.81,-87.73
1956,4170,-8765,41.7,-87.65
1954,4171,-8754,41.71,-87.54
1950,4181,-8774,41.81,-87.74
1949,4194,-8769,41.94,-87.69
1943,4171,-8760,41.71,-87.60000000000001
1942,4170,-8753,41.7,-87.53
1937,4179,-8759,41.79,-87.59
1923,4172,-8754,41.72,-87.54
1913,4171,-8756,41.71,-87.56
1898,4176,-8770,41.76,-87.7
1852,4190,-8774,41.9,-87.74
1839,4194,-8781,41.94,-87.81
1826,4171,-8757,41.71,-87.57000000000001
1819,4187,-8765,41.87,-87.65
1804,4189,-8761,41.89,-87.61
1803,4176,-8755,41.76,-87.55
1794,4178,-8774,41.78,-87.74
1791,4197,-8778,41.97,-87.78
1764,4192,-8780,41.92,-87.8
1762,4196,-8778,41.96,-87.78
1744,4189,-8769,41.89,-87.69
1743,4195,-8764,41.95,-87.64
1734,4201,-8770,42.01,-87.7
1725,4181,-8775,41.81,-87.75
1725,4174,-8770,41.74,-87.7
1687,4197,-8775,41.97,-87.75
1687,4180,-8771,41.800000000000004,-87.71000000000001
1686,4182,-8764,41.82,-87.64
1676,4186,-8768,41.86,-87.68
1675,4175,-8769,41.75,-87.69
1656,4195,-8781,41.95,-87.81
1652,4165,-8761,41.65,-87.61
1641,4179,-8758,41.79,-87.58
1639,4195,-8780,41.95,-87.8
1628,4172,-8761,41.72,-87.61
1615,4171,-8766,41.71,-87.66
1601,4169,-8768,41.69,-87.68
1601,4183,-8769,41.83,-87.69
1592,4198,-8765,41.980000000000004,-87.65
1537,4198,-8768,41.980000000000004,-87.68
1514,4184,-8761,41.84,-87.61
1510,4178,-8778,41.78,-87.78
1502,4176,-8771,41.76,-87.71000000000001
1500,4165,-8760,41.65,-87.60000000000001
1473,4173,-8767,41.730000000000004,-87.67
1460,4179,-8777,41.79,-87.77
1457,4175,-8773,41.75,-87.73
1456,4172,-8756,41.72,-87.56
1447,4177,-8773,41.77,-87.73
1439,4178,-8776,41.78,-87.76
1437,4180,-8775,41.800000000000004,-87.75
1429,4170,-8766,41.7,-87.66
1426,4198,-8779,41.980000000000004,-87.79
1425,4185,-8765,41.85,-87.65
1414,4198,-8781,41.980000000000004,-87.81
1407,4172,-8755,41.72,-87.55
1392,4194,-8780,41.94,-87.8
1386,4199,-8778,41.99,-87.78
1385,4168,-8767,41.68,-87.67
1371,4174,-8771,41.74,-87.71000000000001
1346,4180,-8776,41.800000000000004,-87.76
1345,4181,-8765,41.81,-87.65
1340,4177,-8771,41.77,-87.71000000000001
1332,4200,-8771,42.0,-87.71000000000001
1325,4179,-8760,41.79,-87.60000000000001
1319,4176,-8772,41.76,-87.72
1319,4165,-8754,41.65,-87.54
1318,4165,-8755,41.65,-87.55
1305,4179,-8778,41.79,-87.78
1297,4196,-8774,41.96,-87.74
1293,4195,-8779,41.95,-87.79
1268,4185,-8766,41.85,-87.66
1259,4169,-8754,41.69,-87.54
1257,4174,-8769,41.74,-87.69
1254,4184,-8767,41.84,-87.67
1236,4171,-8768,41.71,-87.68
1227,4174,-8773,41.74,-87.73
1177,4169,-8770,41.69,-87.7
1169,4191,-8779,41.910000000000004,-87.79
1160,4169,-8760,41.69,-87.60000000000001
1142,4171,-8767,41.71,-87.67
1134,4198,-8776,41.980000000000004,-87.76
1131,4172,-8768,41.72,-87.68
1128,4165,-8762,41.65,-87.62
1111,4172,-8759,41.72,-87.59
1094,4174,-8754,41.74,-87.54
1086,4180,-8764,41.800000000000004,-87.64
1079,4194,-8782,41.94,-87.82000000000001
1067,4168,-8768,41.68,-87.68
1046,4172,-8767,41.72,-87.67
1037,4199,-8779,41.99,-87.79
1021,4166,-8755,41.660000000000004,-87.55
1020,4198,-8778,41.980000000000004,-87.78
1013,4179,-8779,41.79,-87.79
1012,4166,-8763,41.660000000000004,-87.63
1010,4170,-8767,41.7,-87.67
999,4178,-8779,41.78,-87.79
998,4200,-8781,42.0,-87.81
990,4166,-8762,41.660000000000004,-87.62
976,4170,-8768,41.7,-87.68
972,4179,-8775,41.79,-87.75
965,4174,-8774,41.74,-87.74
926,4197,-8789,41.97,-87.89
924,4195,-8783,41.95,-87.83
916,4199,-8781,41.99,-87.81
914,4198,-8780,41.980000000000004,-87.8
909,4199,-8773,41.99,-87.73
891,4199,-8772,41.99,-87.72
885,4179,-8780,41.79,-87.8
879,4198,-8788,41.980000000000004,-87.88
874,4167,-8765,41.67,-87.65
870,4199,-8788,41.99,-87.88
851,4182,-8768,41.82,-87.68
832,4184,-8769,41.84,-87.69
811,4198,-8775,41.980000000000004,-87.75
803,4183,-8770,41.83,-87.7
795,4194,-8783,41.94,-87.83
794,4171,-8753,41.71,-87.53
790,4202,-8766,42.02,-87.66
777,4200,-8782,42.0,-87.82000000000001
761,4170,-8770,41.7,-87.7
757,4198,-8773,41.980000000000004,-87.73
749,4169,-8771,41.69,-87.71000000000001
744,4177,-8774,41.77,-87.74
743,4192,-8763,41.92,-87.63
720,4200,-8779,42.0,-87.79
702,4171,-8758,41.71,-87.58
694,4182,-8771,41.82,-87.71000000000001
692,4195,-8782,41.95,-87.82000000000001
690,4191,-8780,41.910000000000004,-87.8
690,4199,-8780,41.99,-87.8
682,4197,-8784,41.97,-87.84
678,4172,-8753,41.72,-87.53
677,4198,-8785,41.980000000000004,-87.85000000000001
673,4182,-8772,41.82,-87.72
666,4199,-8775,41.99,-87.75
661,4169,-8753,41.69,-87.53
657,4199,-8774,41.99,-87.74
651,4198,-8782,41.980000000000004,-87.82000000000001
646,4178,-8775,41.78,-87.75
626,4186,-8774,41.86,-87.74
621,4183,-8766,41.83,-87.66
610,4170,-8757,41.7,-87.57000000000001
607,4183,-8772,41.83,-87.72
602,4193,-8781,41.93,-87.81
598,4167,-8766,41.67,-87.66
596,4173,-8754,41.730000000000004,-87.54
590,4180,-8777,41.800000000000004,-87.77
587,4180,-8778,41.800000000000004,-87.78
585,4165,-8753,41.65,-87.53
577,4201,-8771,42.01,-87.71000000000001
575,4179,-8776,41.79,-87.76
554,4171,-8755,41.71,-87.55
550,4196,-8779,41.96,-87.79
540,4198,-8772,41.980000000000004,-87.72
539,4174,-8768,41.74,-87.68
524,4170,-8771,41.7,-87.71000000000001
524,4197,-8779,41.97,-87.79
523,4201,-8781,42.01,-87.81
521,4199,-8777,41.99,-87.77
513,4193,-8763,41.93,-87.63
510,4197,-8780,41.97,-87.8
500,4169,-8769,41.69,-87.69
500,4200,-8776,42.0,-87.76
487,4180,-8779,41.800000000000004,-87.79
472,4186,-8761,41.86,-87.61
460,4168,-8754,41.68,-87.54
454,4202,-8770,42.02,-87.7
444,4197,-8781,41.97,-87.81
442,4168,-8772,41.68,-87.72
435,4177,-8756,41.77,-87.56
433,4192,-8781,41.92,-87.81
432,4182,-8765,41.82,-87.65
428,4190,-8778,41.9,-87.78
428,4173,-8768,41.730000000000004,-87.68
418,4171,-8769,41.71,-87.69
416,4199,-8782,41.99,-87.82000000000001
412,4195,-8791,41.95,-87.91
404,4166,-8756,41.660000000000004,-87.56
401,4200,-8772,42.0,-87.72
400,4178,-8780,41.78,-87.8
382,4170,-8772,41.7,-87.72
378,4201,-8782,42.01,-87.82000000000001
377,4198,-8774,41.980000000000004,-87.74
374,4200,-8780,42.0,-87.8
367,4197,-8785,41.97,-87.85000000000001
365,4196,-8764,41.96,-87.64
354,4171,-8770,41.71,-87.7
349,4168,-8761,41.68,-87.61
347,4166,-8754,41.660000000000004,-87.54
346,4170,-8769,41.7,-87.69
340,4169,-8772,41.69,-87.72
333,4196,-8784,41.96,-87.84
327,4176,-8773,41.76,-87.73
315,4178,-8757,41.78,-87.57000000000001
308,4184,-8774,41.84,-87.74
303,4183,-8773,41.83,-87.73
296,4166,-8765,41.660000000000004,-87.65
296,4201,-8778,42.01,-87.78
293,4200,-8777,42.0,-87.77
292,4171,-8759,41.71,-87.59
292,4167,-8756,41.67,-87.56
284,4185,-8774,41.85,-87.74
283,4184,-8768,41.84,-87.68
281,4166,-8759,41.660000000000004,-87.59
280,4202,-8781,42.02,-87.81
277,4177,-8778,41.77,-87.78
271,4187,-8761,41.87,-87.61
268,4197,-8764,41.97,-87.64
262,4177,-8779,41.77,-87.79
254,4195,-8784,41.95,-87.84
245,4182,-8766,41.82,-87.66
245,4168,-8771,41.68,-87.71000000000001
244,4191,-8781,41.910000000000004,-87.81
242,4178,-8758,41.78,-87.58
241,4171,-8772,41.71,-87.72
240,4176,-8774,41.76,-87.74
234,4180,-8780,41.800000000000004,-87.8
228,4198,-8789,41.980000000000004,-87.89
212,4200,-8773,42.0,-87.73
212,4189,-8778,41.89,-87.78
200,4202,-8771,42.02,-87.71000000000001
191,4195,-8792,41.95,-87.92
184,4183,-8760,41.83,-87.60000000000001
182,4199,-8784,41.99,-87.84
179,4199,-8776,41.99,-87.76
174,4198,-8783,41.980000000000004,-87.83
171,4167,-8754,41.67,-87.54
170,4170,-8759,41.7,-87.59
165,4171,-8771,41.71,-87.71000000000001
159,4199,-8789,41.99,-87.89
157,4185,-8761,41.85,-87.61
154,4197,-8782,41.97,-87.82000000000001
149,4200,-8775,42.0,-87.75
136,4183,-8771,41.83,-87.71000000000001
136,4196,-8780,41.96,-87.8
129,4200,-8774,42.0,-87.74
128,4181,-8758,41.81,-87.58
126,4200,-8778,42.0,-87.78
126,4201,-8777,42.01,-87.77
125,4168,-8760,41.68,-87.60000000000001
120,4199,-8783,41.99,-87.83
114,4182,-8774,41.82,-87.74
112,4168,-8753,41.68,-87.53
110,4182,-8773,41.82,-87.73
97,4167,-8755,41.67,-87.55
96,4173,-8774,41.730000000000004,-87.74
89,4201,-8779,42.01,-87.79
84,4202,-8782,42.02,-87.82000000000001
84,4177,-8776,41.77,-87.76
83,4165,-8756,41.65,-87.56
83,4197,-8790,41.97,-87.9
79,4165,-8759,41.65,-87.59
74,4170,-8752,41.7,-87.52
71,4175,-8754,41.75,-87.54
67,4173,-8772,41.730000000000004,-87.72
62,4177,-8780,41.77,-87.8
61,4194,-8784,41.94,-87.84
57,4189,-8760,41.89,-87.60000000000001
57,4173,-8773,41.730000000000004,-87.73
56,4199,-8765,41.99,-87.65
55,4168,-8769,41.68,-87.69
52,4196,-8788,41.96,-87.88
51,4170,-8755,41.7,-87.55
49,4188,-8761,41.88,-87.61
48,4196,-8789,41.96,-87.89
48,4164,-8761,41.64,-87.61
47,4200,-8789,42.0,-87.89
46,4196,-8791,41.96,-87.91
44,4177,-8777,41.77,-87.77
43,4197,-8783,41.97,-87.83
37,4201,-8776,42.01,-87.76
37,4183,-8774,41.83,-87.74
36,4200,-8788,42.0,-87.88
34,4168,-8756,41.68,-87.56
34,4196,-8792,41.96,-87.92
33,4196,-8763,41.96,-87.63
32,4197,-8787,41.97,-87.87
30,4201,-8791,42.01,-87.91
28,4197,-8786,41.97,-87.86
28,4168,-8773,41.68,-87.73
26,4167,-8757,41.67,-87.57000000000001
26,4201,-8793,42.01,-87.93
24,4166,-8758,41.660000000000004,-87.58
23,4197,-8788,41.97,-87.88
23,4169,-8752,41.69,-87.52
20,4167,-8758,41.67,-87.58
19,4200,-8791,42.0,-87.91
19,4168,-8755,41.68,-87.55
19,4176,-8754,41.76,-87.54
19,4199,-8793,41.99,-87.93
18,4166,-8757,41.660000000000004,-87.57000000000001
17,4199,-8792,41.99,-87.92
17,4182,-8759,41.82,-87.59
16,4201,-8790,42.01,-87.9
15,4169,-8773,41.69,-87.73
15,4164,-8762,41.64,-87.62
15,4195,-8790,41.95,-87.9
14,4194,-8763,41.94,-87.63
14,4164,-8760,41.64,-87.60000000000001
13,4196,-8785,41.96,-87.85000000000001
13,4193,-8782,41.93,-87.82000000000001
12,4169,-8758,41.69,-87.58
11,4200,-8794,42.0,-87.94
11,4197,-8793,41.97,-87.93
11,4199,-8791,41.99,-87.91
10,4199,-8785,41.99,-87.85000000000001
10,4202,-8778,42.02,-87.78
10,4197,-8791,41.97,-87.91
9,4168,-8770,41.68,-87.7
9,4195,-8789,41.95,-87.89
9,4169,-8756,41.69,-87.56
8,4167,-8760,41.67,-87.60000000000001
8,4168,-8758,41.68,-87.58
7,4200,-8793,42.0,-87.93
7,4165,-8757,41.65,-87.57000000000001
7,4200,-8792,42.0,-87.92
7,4170,-8758,41.7,-87.58
6,4196,-8790,41.96,-87.9
6,4169,-8774,41.69,-87.74
6,4174,-8753,41.74,-87.53
5,4196,-8793,41.96,-87.93
4,4165,-8758,41.65,-87.58
4,3662,-9169,36.62,-91.69
3,4199,-8790,41.99,-87.9
3,4191,-8762,41.910000000000004,-87.62
2,4177,-8775,41.77,-87.75
2,4198,-8786,41.980000000000004,-87.86
2,4164,-8754,41.64,-87.54
1,4168,-8774,41.68,-87.74
1,4167,-8759,41.67,-87.59
1,4196,-8783,41.96,-87.83
1,4164,-8759,41.64,-87.59
1,4195,-8785,41.95,-87.85000000000001
1,4197,-8792,41.97,-87.92
